<?xml version="1.0" encoding="UTF-8"?>
<addon id="repository.chad.parry.org" name="Chad Parry's Repository" version="3.0.0" provider-name="Chad Parry">
    <extension point="xbmc.addon.repository" name="Chad Parry's Repository">
        <info compressed="true">http://chad.parry.org/software/kodi/addons.xml.gz</info>
        <checksum>http://chad.parry.org/software/kodi/addons.xml.gz.md5</checksum>
        <datadir zip="true">http://chad.parry.org/software/kodi</datadir>
    </extension>
    <extension point="xbmc.addon.metadata">
        <summary>Chad Parry's Repository</summary>
        <description>A repository of add-ons that Chad Parry developed for a personal Kodi system</description>
        <disclaimer></disclaimer>
        <platform>all</platform>
        <language></language>
        <license>GNU GENERAL PUBLIC LICENSE. Version 2, June 1991</license>
        <forum></forum>
        <website></website>
        <source>https://github.com/chadparry/kodi-repository.chad.parry.org</source>
        <email>github at chad dot parry dot org</email>
    </extension>
</addon>
