<?xml version="1.0" encoding="UTF-8" standalone="yes"?>
<addon id="repository.seriel" name="Seriel Add-on repository" version="1.0.0" provider-name="Seriel [info@serielsrl.it]">
	<extension point="xbmc.addon.repository" name="Seriel's KODI Addon Repository">
		<info compressed="false">http://github.com/Seriel/Kodi/raw/master/addons.xml</info>
		<checksum>http://github.com/Seriel/Kodi/raw/master/addons.xml.md5</checksum>
		<datadir zip="true">http://github.com/Seriel/Kodi/raw/master/</datadir>
	</extension>
	<extension point="xbmc.addon.metadata">
		<summary>Install Seriel's KODI-addons</summary>
		<description>Download and install addons by Seriel</description>
		<platform>all</platform>
	</extension>
</addon>