<?xml version="1.0" encoding="UTF-8" standalone="yes"?>
<addon id="repository.sd-xbmc.org"
		name="sd-xbmc.org Add-ons"
		version="1.0.2"
		provider-name="SD Team">
	<extension point="xbmc.addon.repository"
		name="Official SD-XBMC Add-on Repository">
		<info compressed="false">http://sd-xbmc.org/repository/addons.xml</info>
		<checksum>http://sd-xbmc.org/repository/addons.xml.md5</checksum>
		<datadir zip="false">http://sd-xbmc.org/repository</datadir>
		<!--<hashes>true</hashes>-->
	</extension>
	<extension point="xbmc.addon.metadata">
		<summary lang="en">Install Add-ons from sd-xbmc.org</summary>
		<summary lang="pl">Instaluj wtyczki z sd-xbmc.org</summary>
	</extension>
</addon>